Country Name,Country Code,Carbon intensity of GDP (kg CO2e per constant 2015 US$ of GDP),"Electricity production from renewable sources, excluding hydroelectric (% of total)",Energy use (kg of oil equivalent per capita),Fossil fuel energy consumption (% of total),GDP (constant 2015 US$),Gross_Capital_gdp_pct,Gross_Capital_growth,Gross capital formation (constant 2015 US$),"Population, total",energy_usage,GDP per capita,Vulnerability Score
Afghanistan,AFG,0.4255667106240237,2.0,526.5154211335213,98.0,18997359069.38645,24.16336683296002,6.954886679216756,2446039432.519807,33312143.5,17539357263.762794,570.3579881086488,0.5977773407443543
Albania,ALB,0.4422803104006987,0.0,977.7948316736683,79.71090069713189,11263273450.915674,25.746870566047715,-1.233273092215235,2900029634.1568456,2884903.5,2820132423.741054,3904.282158872364,0.4396348591446678
Algeria,DZA,0.8662503753637955,0.05596092909677607,1232.5713391391257,98.98895836008026,184586974127.0291,49.33904594791006,7.1628729550057955,91144396357.28592,39612280.0,48790166663.24987,4659.580259564756,0.38111721963233275
American Samoa,ASM,0.0001509283850662798,2.0,2186.9392427432554,98.0,662725190.8396947,23.736129744028798,2.849944870215566,14815472727.91158,53172.0,116283933.41514437,12465.249868283496,0.41315972753480973
Andorra,AND,0.22260073458433552,2.0,5372.539131858141,98.0,2770158700.6196656,22.991442074339,3.8782272167837846,67051555765.19023,72955.5,391956278.6342767,37977.77956932866,0.34479028761890707
Angola,AGO,0.35513141524849867,0.0,843.6760534835794,73.15279650486643,90073462177.1499,30.85147501432024,0.7724300888115323,27803165078.629047,27659283.5,23486753244.07966,3257.3188603046533,0.5010569212411394
Antigua and Barbuda,ATG,0.19973465129057535,2.0,2186.9392427432554,98.0,1427514652.2158532,23.736129744028798,2.849944870215566,14815472727.91158,89087.0,194827856.3182684,16023.620574819875,0.480502261333241
Argentina,ARG,0.3291519263314034,1.9333792877747278,2100.0665098901504,92.86120373984457,586843430174.454,17.166792945311734,-0.8334107820018204,100734599988.19704,43250541.5,90848687850.00972,13567.879207005239,0.39282650855531875
Armenia,ARM,0.5477522906742929,0.051450764986412656,1064.4320986830492,86.28093285686909,10389719882.520813,21.006785406247758,-1.9499999981585603,2182094157.6737757,3009200.0,3202708643.421717,3452.743013017965,0.37601562635655567
Aruba,ABW,0.15186970109008585,2.0,5372.539131858141,98.0,2972203967.808077,22.32519029499289,3.8782272167837846,663623289.039934,107356.5,576776997.3093286,27686.53433753104,0.34479028761890707
Australia,AUS,0.29803921130880295,7.92127185155869,5409.249040138981,91.50623288283168,1336815684763.8628,26.500476566432024,3.8782272167837846,354229677419.3111,23645840.5,127918928000.0,56533.439920493525,0.3209835264922839
Austria,AUT,0.17673413150262088,15.496587144861754,3781.813661456694,65.23748922780976,377104192569.9139,23.930397860886522,2.0050882990324794,90244529372.13405,8594527.5,32503792000.0,43877.03135269666,0.302794439623984
Azerbaijan,AZE,0.6559091166298895,0.390576759655748,1844.508705578481,98.18299501327776,52789056407.245186,27.71180345154596,1.4787346074224246,14629378989.899908,9592210.0,17712478249.755726,5503.342671144024,0.4260144674223502
"Bahamas, The",BHS,0.09714464531625402,2.0,5372.539131858141,98.0,11614303761.333323,28.41610480401528,-2.53120746058363,3298342605.37442,383822.0,2062098714.6680558,30259.490534352943,0.45932245107957026
Bahrain,BHR,1.0394529612605488,0.0,8071.251788144531,98.68292358706368,32125453940.15446,29.568466748966195,-1.2150514518718722,9498250143.524097,1342442.0,10759947284.123058,23934.777122393407,0.43958293959808253
Bangladesh,BGD,0.42811207672461216,0.26727830580500067,375.38131364830286,85.88446897250428,189146168944.2645,28.732282479282155,8.48692603060227,54355276645.31196,158674054.0,59670447806.392204,1191.8970057207298,0.5536611827584779
Barbados,BRB,0.13072369604661194,2.0,5372.539131858141,98.0,5310619735.844226,22.991442074339,3.8782272167837846,67051555765.19023,278669.0,1497160107.3357766,19057.206835736808,0.36370130097105247
Belarus,BLR,1.0688699552247907,0.4379966952749382,2561.758394792636,95.22018750826463,57578924791.463936,31.93808709062201,-11.83681570025955,18422243486.34969,9454795.5,24218547691.48819,6089.9991816037455,0.3564150038994353
Belgium,BEL,0.21857337287296383,18.507522877513146,4698.004133594647,74.26164459466551,457695857106.47125,23.29033180353492,4.22594812691225,106599956622.24768,11241626.5,52812874999.99999,40713.85901058209,0.3474367939429587
Belize,BLZ,0.10381729418461726,2.0,2186.9392427432554,98.0,2162393658.3702693,16.8912517452372,15.671889387626559,365193379.9295375,352628.0,771176011.2900686,6131.986859367712,0.4736739643543296
Benin,BEN,0.49893723157138165,0.7309941520467836,457.61203718350527,67.36229066267238,11288680556.85262,19.99468885686797,11.588901663255845,2257869826.9256635,11195342.5,5134515870.539297,1008.4259375345007,0.5798480364380225
Bermuda,BMU,0.037899525280814146,2.0,5372.539131858141,98.0,6628935606.518642,11.993591413088037,2.5519544352163237,795021588.8055,63496.5,341137430.98603046,104398.67471454552,0.34479028761890707
Bhutan,BTN,0.5717469836950476,2.0,1147.1338237513926,98.0,2119502954.8029096,56.47153242351222,4.162353689802337,1196888184.9371521,736878.5,845298251.3451906,2875.9298293468455,0.5338538923032765
Bolivia,BOL,0.6109686811116262,2.4084689477896837,957.5452974945728,91.07664499343873,32235881820.091145,20.6575369400172,6.662958407070192,6656263377.310866,10931796.5,10483408832.071793,2948.45765618871,0.46685430413658896
Bosnia and Herzegovina,BIH,1.2958247620873575,0.0,1670.9558749928613,87.7610224836171,16065083935.736593,22.107727035880828,6.03102251454456,3550206311.7410545,3541685.0,5930122695.678024,4536.819930006654,0.3658850109907842
Botswana,BWA,0.5128383834790653,0.0384689867837173,1718.808702900363,86.34399203689416,13875694328.248264,26.848175893302123,11.97453557502898,3719868548.2829204,2187658.5,3767476093.08833,6344.163607741683,0.4650478429269502
Brazil,BRA,0.2897478488718188,10.987752168039748,1851.2508856432094,78.55376631948764,1835337854330.2327,18.9800183110016,-12.283399893327399,348867000971.99384,200880329.5,372146828115.96155,9137.26970040832,0.38088746138041424
Brunei Darussalam,BRN,0.5970431775971198,0.04600215585568448,6950.172385365184,98.99759423494278,12955764960.031864,31.344571420295786,-12.301551455671776,4059935043.2350936,419481.0,2911156745.9700446,30886.929174476012,0.4136051312294683
Bulgaria,BGR,0.9719805745718418,6.152433582112823,2332.297321720108,84.52296126101346,49977176797.45588,21.253881769389203,4.072299577503287,10619970027.508902,7200964.5,16798129600.978952,6940.785343823008,0.36216776731994155
Burkina Faso,BFA,0.2861733976638351,2.0,526.5154211335213,98.0,11608929642.8299,19.334474454794556,1.4237526063838217,2244686764.4832354,18503474.0,9742364405.543161,627.3508179699887,0.5596898008659051
Burundi,BDI,0.13248156572863307,2.0,526.5154211335213,98.0,3166988010.835209,13.183257703895716,-7.332786431085019,418154506.14526665,10923682.5,5751487291.816377,290.0221553348275,0.5592796936547022
Cabo Verde,CPV,0.44794112262219826,2.0,1147.1338237513926,98.0,1741744000.3990917,32.35359223952887,0.5673433772167797,563302336.3516116,512360.0,587745485.9372635,3399.4524741442037,0.4376552705979515
Cambodia,KHM,0.33195060274475335,0.792810905006635,470.0217647464289,64.314540698772,23361611353.00018,29.942082712098827,10.182789218454658,6994379417.761528,15510011.5,7296440289.869853,1505.9256315566015,0.5114826127289052
Cameroon,CMR,0.28788750202082547,1.1474720901029112,435.58386373531863,68.15892859562017,31346510394.467598,18.98884491411272,4.5341348087812605,5945957425.917566,22411653.5,9794140754.323347,1398.4097408273763,0.49289220960696045
Canada,CAN,0.37307381677607276,5.918816309617048,7764.804128606127,73.64096817151217,1551483054301.834,24.34615050265101,-3.0287816767853855,377700036432.10254,35569282.0,276170415500.0,43618.714876012105,0.28399796501346863
Cayman Islands,CYM,0.0518523083213736,2.0,5372.539131858141,98.0,4643310633.242533,22.991442074339,3.8782272167837846,67051555765.19023,60901.0,327193005.6692927,76241.91554180486,0.34479028761890707
Central African Republic,CAF,0.1181225375452719,2.0,526.5154211335213,98.0,1660579383.376128,21.898085586805582,54.24939807103643,363602419.45071214,4626251.0,2435792493.5343738,358.9422044248727,0.5773037083898979
Chad,TCD,0.1390203806172312,2.0,526.5154211335213,98.0,10802937650.303333,31.109433684775833,-8.27034424150493,3356824768.182118,14418149.5,7591378055.95857,749.2866782693621,0.6483073966084877
Channel Islands,CHI,0.22260073458433552,2.0,5372.539131858141,98.0,10091115223.532999,22.991442074339,3.8782272167837846,67051555765.19023,163090.0,876207407.0147443,61874.56871503718,0.34479028761890707
Chile,CHL,0.3397346627818097,11.02848418500698,2008.9060057088464,73.94887804575151,239896614745.03442,25.378765681431986,-3.508658426357961,60888435132.1209,17955910.0,36070629999.99999,13359.937167325726,0.35058752769821566
China,CHN,1.015340797928604,4.456832006045423,2205.647070601141,92.83521538409268,10697749731011.234,44.52937970678909,5.4860420873456945,4758931644749.769,1375860000.0,3034586747245.8545,7774.615448100852,0.3654806182257557
Colombia,COL,0.28641749113329,3.20481475088695,1458.632369040075,87.342846313447,289279233844.9902,23.888502976588853,5.401167677311655,69099641257.14331,46767684.5,68364162507.64807,6185.177362771685,0.4255855150051246
Comoros,COM,0.16903125607548744,2.0,526.5154211335213,98.0,960550590.3422095,14.420502826967562,13.311487609183862,138473353.8292611,719092.5,378613290.47145665,1335.8500709994748,0.5403601195890041
"Congo, Dem. Rep.",COD,0.12196682784241657,0.1068208798582317,446.41354231157544,51.6779070712411,36691300790.828995,20.875297267664468,-2.3102771717070283,7630619933.859113,79719386.5,35693239365.62176,460.1271155237905,0.567532761042546
"Congo, Rep.",COG,0.44423761801563344,0.0,837.6521591083465,69.24030169174613,12409086402.3062,64.81347096157933,18.99542973919116,8045836500.842142,5036730.5,4237860292.2062235,2464.01653976344,0.5360406560247717
Costa Rica,CRI,0.14280353510686963,24.218861091669265,1608.0081718042893,73.94013636698125,55447582535.641235,19.038439865825385,2.040115890080834,10554517981.816027,4792578.5,7721244687.614115,11568.692088695416,0.4048235519394061
Cote d'Ivoire,CIV,0.24529765818543697,1.0250854863661414,856.4114618166908,62.24616501187758,44277448376.875656,23.004302647732608,16.10836545491837,10191620092.20087,24886868.5,21417906417.09769,1778.6277404459722,0.49661254563748564
Croatia,HRV,0.353958185525648,8.439495330694708,2050.699108819023,84.35183117106408,50426182207.14353,18.76969591345814,2.8108387301635958,9468956594.961458,4176661.5,8561678663.789121,12074.580831350808,0.3829034683474069
Cuba,CUB,0.33047253553652295,3.5959399864506105,1611.7811241262013,91.79820727998253,85281351304.67651,8.50022199139612,6.69530432820013,7265561601.781007,11280420.0,18178488056.49049,7560.201609205127,0.4360843233001391
Curacao,CUW,0.22260073458433552,2.0,9011.69978483882,98.0,3051804251.682843,26.079435345235005,3.8782272167837846,795913565.4505079,156944.5,1410568366.0254745,19445.67083568264,0.34479028761890707
Cyprus,CYP,0.3491873718077923,8.033706839498848,1914.2777252091182,95.4531075130164,19580188305.820885,13.255206762815162,2.887689090232911,2595616472.376232,1210651.5,2319936390.201943,16172.142727124376,0.3615171247985785
Czechia,CZE,0.5838866351125797,8.883467098566543,3887.5582733095034,76.50655465279044,184640518217.3891,26.159030156395968,9.365542723211476,48336334899.61088,10535703.0,40957874000.0,17524.820662022565,0.2614182213546227
Denmark,DNK,0.11770950800732341,60.64879121443039,2844.594056363101,66.31582379572389,298649233689.3525,20.345867107799357,5.141018536573014,60768922941.857155,5663479.0,16109739000.0,52731.18797302795,0.33807951662809416
Djibouti,DJI,0.36344657853900697,2.0,1147.1338237513926,98.0,2339546175.277169,-0.545710289723857,-185.26235426770018,-15652076.583322171,1011515.0,1160343069.73189,2312.358345089307,0.503489337316671
Dominica,DMA,0.12711596860862473,2.0,2186.9392427432554,98.0,548329551.1567127,14.207125249053268,2.849944870215566,77970472.78711978,70391.5,153941933.70556188,7789.741438440781,0.4536045928407974
Dominican Republic,DOM,0.3306748269506103,4.818630273144126,1463.8885664803997,92.28179798993317,68859702757.3244,23.27754242531413,13.767091796108511,16032640820.67335,10375178.5,15231235515.707682,6635.907574343573,0.4340350330372696
Ecuador,ECU,0.4364628431665423,2.0693285707930693,1535.6434392978251,92.44233018236716,97151451463.73918,23.696163308235963,-4.043362546210744,23020579877.508175,16150674.5,24876934891.89571,6015.600704089976,0.47600038923089355
"Egypt, Arab Rep.",EGY,0.732734291211804,0.9225546812950381,957.1779940095685,97.96446489392177,322468190785.48956,13.965914751435355,5.154353132628152,45057895253.12842,98562998.0,94538812381.96758,3271.3220282469897,0.4159160715776786
El Salvador,SLV,0.30366186211137836,33.66094441663056,903.4309138033431,73.2147936704384,23163573115.106678,16.207101639659033,1.8224040938483839,3753621657.896539,6173315.5,5579688947.359858,3752.145405621918,0.4368807706365367
Equatorial Guinea,GNQ,0.40210456431178815,2.0,2186.9392427432554,98.0,13846298253.753855,26.70537653949884,-24.340623549265796,3710948040.336357,1426875.5,3120490025.4589043,9716.19863987067,0.42074887051397697
Estonia,EST,0.9075801108162881,12.55141092113688,4382.971519607858,13.773253224558099,23101460807.10624,25.684288505315937,-0.5451559426487051,5931250818.001283,1314976.0,5763412000.0,17567.920883629457,0.3417720849677121
Eswatini,SWZ,0.2599430715478677,2.0,1147.1338237513926,98.0,3852253016.8857903,25.11800474886035,3.8400990442443828,4091723944.6500354,1139556.0,1307223231.658842,3380.448524284027,0.49227522027634013
Ethiopia,ETH,0.21058698145854274,6.258277840604168,502.4553725301311,52.28490331481862,61549074759.262024,39.33249914427501,25.328346502332266,24249491425.440235,102491372.5,51530441663.22865,600.2392983679727,0.5713204780413156
Faroe Islands,FRO,0.0007807511392972474,2.0,5372.539131858141,98.0,2561693928.164442,22.862957806099306,3.8782272167837846,585813922.9515953,48664.5,261451930.58231053,52639.913723150414,0.34479028761890707
Fiji,FJI,0.34656568307243774,2.0,1147.1338237513926,98.0,4581635252.770188,21.65235461741316,3.8400990442443828,992803954.8976525,918081.5,1053162341.6104141,4990.387079763546,0.5046665192892041
Finland,FIN,0.2050485107873325,19.479786489141443,6069.02894550536,41.195254890556306,232669291215.62485,22.037344341457942,-0.6062444186299274,51273420029.32088,5470521.5,33199453000.0,42531.41690089677,0.3066680827612007
France,FRA,0.1360424146351666,5.69524311462945,3675.5528139975104,46.35694696673735,2429593304963.228,21.776506342471862,2.2567048194442663,529072810641.4149,66430169.5,244169541000.0,36573.413643460335,0.3019984265436978
French Polynesia,PYF,0.18821136747623568,2.0,5372.539131858141,98.0,5282232101.504263,19.46333076829554,3.8782272167837846,1028319548.1003132,277126.5,1488872965.7248852,19060.441102409364,0.34479028761890707
Gabon,GAB,0.45015499878895915,0.5825204320030285,2376.1603222868625,60.39325815687909,14114570897.533152,32.185002447890454,-0.09457779731454252,4534842285.939127,2009694.0,4769433469.053657,7022.866000369658,0.44550725810303865
"Gambia, The",GMB,0.36598123029511287,2.0,526.5154211335213,98.0,1351303430.3811562,18.50121312224757,17.54285540006648,250504305.4091801,2194528.5,1155453097.3670146,615.7079186243283,0.5479600520428926
Georgia,GEO,0.6835465569994964,0.0,1163.7032881973425,85.10476766904569,14976990181.344496,26.263758239975505,18.231187696771777,3935034403.3099823,3722345.0,4331656551.204646,4023.4865737577534,0.4182285516706184
Germany,DEU,0.23038661222017348,24.625917278062026,3798.505667669982,79.2865389968734,3395737423506.2705,19.810007208840155,1.034185518236228,672598918460.0791,81334555.5,308956474500.0,41749.54368633228,0.3027968065856911
Ghana,GHA,0.31478220047618777,0.028482221542522036,424.336671418912,75.27153006463156,48892998508.60451,27.4373537540104,1.0007724647345952,13416341827.633205,28368830.0,12071371663.94808,1723.4967601184817,0.49570645230596916
Greece,GRC,0.3605170110701862,16.092821146667564,2152.9844922936322,84.31197615603523,194789982461.179,12.072664117688635,2.978934494715695,23516483353.232098,10856648.0,23373154500.0,17942.127539905774,0.34294706332547104
Greenland,GRL,0.20063700528729905,2.0,5372.539131858141,98.0,2531538422.3540134,23.313811174295058,-5.853628200935624,589965968.7701108,56204.5,301960875.6365209,45040.74895601469,0.34479028761890707
Grenada,GRD,0.1173428093412675,2.0,2186.9392427432554,98.0,966823172.5967277,23.736129744028798,2.849944870215566,14815472727.91158,114404.0,250194597.12679937,8450.376500590126,0.3956958647696318
Guam,GUM,3.4631089510845744e-05,2.0,5372.539131858141,98.0,5775255232.029118,22.991442074339,3.8782272167837846,67051555765.19023,165195.5,887519288.1568716,34960.485287604686,0.34479028761890707
Guatemala,GTM,0.2581166979632524,24.370261050055984,995.014775551408,67.68929848172111,60963705740.052025,14.949658715479199,0.01743108705839802,9112380738.06972,15826734.0,15769892809.782269,3851.5604910700363,0.46423794961801995
Guinea,GIN,0.30220606678046413,2.0,526.5154211335213,98.0,8632171719.638638,23.48997212549665,6.687775671510288,2028785832.3689015,11619997.0,6118107614.025253,742.8146206203777,0.5402542485666701
Guinea-Bissau,GNB,0.3135199504721734,2.0,526.5154211335213,98.0,1119082767.117372,17.557238925035023,-4.659659586642476,195619960.7764261,1763789.5,928662371.3833829,634.3384981552018,0.6408696203862226
Guyana,GUY,0.4852862962396383,2.0,2186.9392427432554,98.0,4265230710.978176,23.736129744028798,2.849944870215566,14815472727.91158,756505.0,1654430471.8314862,5638.066323437066,0.48168341406741844
Haiti,HTI,0.22783360647116074,0.0,463.43041464605705,60.00794702082436,14747117074.095835,15.265297487048219,-2.528430794479682,2249867276.0452,10448238.5,4846763096.659979,1411.447597744751,0.5206094429775866
Honduras,HND,0.4965154566505458,13.81604209341934,868.9844843192759,75.23965626424537,20591867880.522034,23.650918488299414,15.902790061798262,4875857064.483619,9150213.5,7975618002.903929,2250.2251910628324,0.4638661240194872
"Hong Kong SAR, China",HKG,0.15019313101942314,0.2721657851022066,3671.511629695583,95.58644081003172,305778043962.5325,22.681974573226615,3.8782272167837846,69315353933.647,7260400.0,26709204786.05863,42114.5155484521,0.34479028761890707
Hungary,HUN,0.37555274603785876,9.735286671340656,2373.624112599914,68.87109754351879,122936811863.99721,23.783908736881614,5.45602534219698,29233102492.05947,9854748.0,23390774500.0,12475.16898208701,0.36206065261306375
Iceland,ISL,0.20688832400917595,27.81189585406508,17697.50672871853,11.108678009357314,17145128677.299072,18.313643136620726,19.27903550867365,3143953319.5681815,329100.5,5823883500.0,52092.4627789469,0.35839586878107677
India,IND,1.112935315508634,5.26734690337657,577.4988490458642,85.7884895439004,2025711462476.9434,33.19226788135558,6.211572883562113,671541979700.2831,1320150844.5,761984167420.0516,1534.1572829544905,0.4909050862242135
Indonesia,IDN,0.6053261003297299,4.800006861990674,1009.1267461275847,82.04473772829452,840841122989.1725,34.33156804765944,4.3301493973347505,288620151902.4808,260338324.0,262915983780.30643,3229.471863803022,0.4646695167506666
"Iran, Islamic Rep.",IRN,1.5355308527973928,0.11578900931260551,2027.9794177214085,98.51129027265092,412149081327.2481,34.46103283258111,-17.47071017920674,142104132942.6461,82060703.5,165925325823.48026,5022.968376171818,0.36848001102385225
Iraq,IRQ,0.8388479500299676,0.0,1250.4599779033051,96.99208839165075,164655623141.43814,19.287813322053776,9.098601610765272,31781175917.103466,37055297.0,46283961568.34901,4443.5576624361465,0.44572396297558636
Ireland,IRL,0.13671260662951618,23.552986970698125,2780.725367824919,84.8902034610346,272525427963.40048,23.985288397912534,41.996903278625574,65985320627.29393,4679848.5,13014239000.0,58204.96421316975,0.32467415381618514
Isle of Man,IMN,0.22260073458433552,2.0,5372.539131858141,98.0,7098522804.626144,22.991442074339,3.8782272167837846,67051555765.19023,83742.5,449909858.24963045,84766.04986981017,0.34479028761890707
Israel,ISR,0.22399645917483157,1.6729669951162975,2770.190628722229,94.56588009198042,299300076368.9381,22.54718508945374,3.9103949895873953,67470131120.223816,8297900.0,22987396500.0,36068.82971945851,0.31523476978104487
Italy,ITA,0.18976999960691968,22.423457738271715,2448.1193235216756,79.26743867871664,1837327612278.2576,17.178995543987387,1.3163736448779702,315642717165.6795,60759861.0,148746405000.0,30239.23873635294,0.34378039912645436
Jamaica,JAM,0.5047670358368087,6.815502536365395,1076.224988889773,89.48567240416136,14124159262.908537,21.912856483805562,-1.1451603839866422,3094643390.7939367,2798141.5,3011741271.806643,5047.669097739535,0.4377033065443721
Japan,JPN,0.28477292249014474,7.02807877257132,3449.660172476196,93.71696200452917,4410779240800.845,25.100854934456347,2.9607898266363506,1107165323963.4268,127208500.0,438827520500.0,34673.77261981274,0.36035425651765446
Jordan,JOR,0.6753467985495066,0.36643690933377765,1038.756334638731,97.80422332526165,38117081966.898865,25.321814052363084,3.8400990442443828,9649649058.406115,9168219.5,9564351237.220402,4162.437754733965,0.40003985077827947
Kazakhstan,KAZ,1.1944106949226325,0.09072516899726539,3245.0771254051565,98.58695365645109,183295192819.95312,26.8490814220773,7.049999999563049,49224650864.09979,17950227.0,58108141929.25053,10211.41633978325,0.3245571725792727
Kenya,KEN,0.24923052707898363,47.00410496113452,519.8193837739393,57.6897863057446,68461180496.72723,23.52705860040131,6.519825977651308,16083279735.349688,46569983.0,24211452048.72338,1469.8564898978036,0.5164658111722189
Kiribati,KIR,0.33889765123918497,2.0,526.5154211335213,98.0,181861942.41718188,33.21420631013459,22.190739426105285,60845705.89708855,116070.5,61112908.188678384,1566.3516644122508,0.5999995124810213
"Korea, Rep.",KOR,0.4378223452616015,1.283324826651511,5351.311844295334,81.71173980471842,1446010287788.3906,29.659879727326857,5.0307848381075075,428858755007.1992,50880803.0,272287365500.0,28418.72472330214,0.36362672071955837
Kosovo,XKX,0.4624041267860781,0.0,1183.2245221423132,92.06079100237065,6120012788.5405445,29.139234754945967,3.658233630292969,1785598859.489443,1800531.0,2130874795.7675989,3399.826748715662,0.4703753084567866
Kuwait,KWT,0.8138025766350969,0.0,7307.092119665203,95.84494472563536,114247941704.45515,20.859190300200474,11.385025780032246,23846620934.96115,3750225.0,27240061934.5029,30477.683082173022,0.37750405615742944
Kyrgyz Republic,KGZ,1.545488993612013,0.0,584.5848359285313,86.73810947832361,6553589089.786112,35.71409817058829,6.695638211486269,2339256246.3207507,5972941.5,3487794917.471959,1097.1171322130035,0.36357189143882646
Lao PDR,LAO,0.47252531404336384,2.0,1147.1338237513926,98.0,13937517120.973135,30.679001502340885,10.177450494845687,4280181593.591035,6752408.5,7745916182.136406,2063.6626727090493,0.5147682048468216
Latvia,LVA,0.29426123257162684,16.155451862044828,2181.8912742905527,77.35871378668624,25864377573.930847,24.407842112490133,-0.2925473468202995,6311697049.70708,1985654.5,4332441199.94217,13026.826367323953,0.3767883166280411
Lebanon,LBN,0.5205990325146986,0.0,1683.799447005511,97.81055055390341,49814452122.1496,23.594987199453367,-4.298970804299998,11752137130.797743,6409729.5,10824265726.769598,7772.262555607004,0.4211370662700921
Lesotho,LSO,0.25663775208420997,2.0,526.5154211335213,98.0,2323944248.80717,32.2667265088981,2.5617358752154047,749206614.8744326,2092350.0,1101654541.4087234,1110.6242251336666,0.49599923771818627
Liberia,LBR,0.37316756303792564,2.0,526.5154211335213,98.0,3227375308.4328914,24.16336683296002,6.954886679216756,2446039432.519807,4611862.0,2428216463.1396837,699.8738886406996,0.5650369150829728
Libya,LBY,1.1902165074438034,0.0,2483.5445709768396,98.55564818170565,48924506196.20581,21.80286698977299,-25.82029106982612,10676096394.97018,6479535.5,16076707648.798004,7551.368808518891,0.41447698359703644
Liechtenstein,LIE,0.22260073458433552,2.0,5372.539131858141,98.0,6268515276.174405,22.991442074339,3.8782272167837846,67051555765.19023,37494.0,201437982.20988914,167187.15730982038,0.34479028761890707
Lithuania,LTU,0.3278749526393053,30.60052452823114,2287.1072185755247,82.99687473528174,40968775690.9699,21.427852143470467,15.950970877064085,8785179283.148415,2918638.5,6676614337.818655,14038.18033239744,0.37869702288329093
Luxembourg,LUX,0.16107439606678775,20.10962097055674,6704.756113083818,81.94702393905598,59404967235.9486,19.026036265349877,5.4346173394079,11301960306.666096,562961.5,3773481000.0,105522.97479927268,0.3098202818720561
"Macao SAR, China",MAC,0.04881844295313242,2.0,5372.539131858141,98.0,51222459662.58055,22.566626490889636,19.852428245526973,11388134543.845926,632300.0,3397056493.073903,81196.25956168381,0.34479028761890707
Madagascar,MDG,0.2936160472849118,2.0,526.5154211335213,98.0,11151071289.687607,16.241288787339677,4.159391964136738,1810648847.7298794,25095525.0,13213180913.941813,444.3319696943865,0.5651377374893731
Malawi,MWI,0.5428999739140119,2.0,526.5154211335213,98.0,9093917335.184315,24.16336683296002,6.954886679216756,2446039432.519807,16853562.5,8873660557.287622,539.5839825761657,0.5797500236881655
Malaysia,MYS,0.858117740643106,0.6556960687440263,2554.6125821291976,97.31409944890403,294055154021.4887,25.20093585171166,6.410175525266617,74120953887.89743,30964467.5,79003560303.43652,9495.205176732541,0.3855357738084958
Maldives,MDV,0.4683727776954165,2.0,2186.9392427432554,98.0,4050631843.723908,29.883051497843073,1.5672232088062117,1212047120.3645637,420885.5,920451016.6516163,9623.704636084076,0.5777111120383838
Mali,MLI,0.2519202730202439,2.0,526.5154211335213,98.0,12723872347.252415,20.46092775700701,9.076600737187455,2604564890.71875,18306644.5,9638730638.459162,694.8857797833509,0.6093537622889278
Malta,MLT,0.18822986610747888,5.507677160980229,3577.021778522096,97.89423083133227,10843122157.856882,19.681228003770055,31.983605841827284,2152839053.703159,439805.5,1582615829.1254308,24644.364847464698,0.3303417795047653
Marshall Islands,MHL,0.00027731558513588466,2.0,1147.1338237513926,98.0,182000000.0,18.92711048577332,-16.87805501575201,34421270.08064516,49298.0,56551403.24329615,3692.558507563317,0.5672062211063561
Mauritania,MRT,0.45166322468541786,2.0,526.5154211335213,98.0,6009546074.676494,40.1290982903212,-12.73975821917069,2408953185.6014075,3907236.5,2057220271.2657657,1537.7975975334211,0.5696244759539294
Mauritius,MUS,0.33890448307446125,17.923200694736273,1649.0599760157468,91.2711801517022,11793609143.523798,18.280606282098866,-5.696793385562849,2154259096.828288,1262043.5,2081634821.9681797,9344.743545094938,0.4404850580629979
Mexico,MEX,0.40555270364556834,5.066839687378689,1558.278810458259,90.35234894114646,1197332248203.2834,23.014702862018847,2.9797596605624577,275677614937.6522,120428283.5,187653733500.0,9941.859933162355,0.37365483263469923
"Micronesia, Fed. Sts.",FSM,0.0,2.0,1147.1338237513926,98.0,309499108.25419,25.11800474886035,3.8400990442443828,4091723944.6500354,108556.0,124528259.37115617,2850.9661086803717,0.6352645104897388
Moldova,MDA,1.045640437775644,0.2961285389986746,1151.1982491036135,93.3440111197031,7810899196.153747,23.922330724804794,-1.0938240757027486,1868530645.234058,2846896.5,3277386643.607414,2743.6766105549254,0.4161883113866073
Monaco,MCO,0.22260073458433552,2.0,5372.539131858141,98.0,6118144315.226946,22.991442074339,3.8782272167837846,67051555765.19023,36442.5,195788757.31274033,167862.650766808,0.34479028761890707
Mongolia,MNG,1.635856283470035,3.122911457118672,1480.5220296859181,95.59969141297915,11484839451.340786,29.844573081254655,-28.262230045727968,3420401992.4487,2994988.5,4423519537.147717,3834.640095197886,0.4010482347353565
Montenegro,MNE,0.4008037907450106,0.0,1862.6016713547415,81.33234850100574,3988248644.5869985,20.15827607974535,5.036510053437141,803920211.4366999,621984.5,1158565966.1629505,6412.10561821969,0.3999204180511105
Morocco,MAR,0.5577252090352539,7.4429185599413925,851.0349587393218,93.2344314061711,108115180223.81602,30.475721233405554,1.7128316869652025,32942018726.23117,34406184.0,29340500876.626404,3142.0348434293987,0.4032967894672073
Mozambique,MOZ,0.3910202181864627,0.0,488.8617837040826,55.30997673593178,15651060923.484146,47.94448112982224,-6.980196157296078,7472025523.421481,26168023.5,12806838025.826239,597.9152454202865,0.4965964945949586
Myanmar,MMR,0.3247495453398098,0.0,453.75067099498995,71.14494761999191,57659383141.91112,24.16336683296002,6.954886679216756,2446039432.519807,50885345.0,23104082417.577026,1132.9884664817578,0.5179752023450083
Namibia,NAM,0.36338828009421437,0.0,964.0674397418843,82.35954541603282,11103369552.586487,32.66649532711737,11.67668339790778,3622190765.781839,2343219.5,2264711418.8664656,4738.031725274367,0.4908056665482595
Nauru,NRU,0.0,2.0,2186.9392427432554,98.0,83274955.17058505,23.736129744028798,2.849944870215566,14815472727.91158,10848.0,23723916.90527883,7676.260606185485,0.5314998581055279
Nepal,NPL,0.30716582981519336,0.19209239441177287,474.4737177248031,56.741339701335235,23895021712.486645,31.1317615241472,10.948286058638919,7439619692.145209,27747999.5,13169632370.198929,861.1045886242307,0.5276449283185265
Netherlands,NLD,0.21568779992436632,11.785169444236814,4279.283784491024,92.19144423335021,767689247467.6829,19.938310092688617,13.932347581749411,153244011438.23032,16902465.5,72328714500.0,45417.9402522002,0.33766356278005966
New Caledonia,NCL,0.5149571326838486,2.0,5372.539131858141,98.0,8738203074.395699,34.72253256467714,3.8782272167837846,3034125408.0746655,283168.0,1521331160.8900063,30858.723706053293,0.34479028761890707
New Zealand,NZL,0.20170819049077443,23.943166678541786,4492.270816064618,59.798006294378716,174898679195.94138,23.068096593656065,5.161894878232246,40348253450.44491,4562950.0,20495185000.0,38326.99687355772,0.3282623752455525
Nicaragua,NIC,0.41644662405856137,44.29819894986962,875.4355206202557,69.34769602849586,12465044823.792606,31.177922804408553,13.605718942796424,3893046366.413239,6107954.5,5358385618.525908,2040.558654911952,0.47661006905371595
Niger,NER,0.23071494578528567,0.8281151028979776,338.35928395576866,61.030184077137086,9480128335.51883,31.733452430883183,10.576002586916374,3009642068.1195455,19577703.5,6692371593.3305025,484.2039107973696,0.6410052037602434
Nigeria,NGA,0.2476459611301079,0.0,935.8871365012636,58.43838337831047,486656423365.88965,25.11800474886035,3.8400990442443828,4091723944.6500354,188284396.5,176717292245.9995,2584.6745881496863,0.48889260320986666
North Macedonia,MKD,0.8252216093325988,2.2432004583541465,1257.4983412934398,88.71295733247426,9877686837.511791,30.34940025553883,9.471998866254674,2997919931.139314,1914993.5,2408384069.2784376,5158.218365825205,0.37815697304371904
Northern Mariana Islands,MNP,0.0,2.0,5372.539131858141,98.0,895109090.909091,22.991442074339,3.8782272167837846,67051555765.19023,51846.0,278544663.8303172,17267.31389393733,0.34479028761890707
Norway,NOR,0.12342394969076882,1.8184320930577182,5706.645613779806,57.46493099915273,384620522889.3251,27.06441679598358,-1.8967498652363517,104090149502.94214,5162919.5,29465803000.0,74495.14483533338,0.2731582257159152
Oman,OMN,1.0044110962137927,0.0,5725.304389445431,98.98158432592652,76830638612.566,32.49666791632024,1.1018378276922078,25040251572.84839,4093667.0,23405307575.108738,18767.255243440475,0.4268648599228478
Pakistan,PAK,0.5910112810746678,0.753661187373455,473.0146589447168,79.79268072555588,293893479044.08923,15.359240976479104,7.988856965552635,45167225572.98731,215777765.0,102146998885.60985,1361.8889947967987,0.5228129198120556
Palau,PLW,4.6031622234080105,2.0,2186.9392427432554,98.0,268259332.0529109,31.23432559337755,21.602838660318525,83626363.4109497,17742.5,38801769.514372215,15118.703708155505,0.5329273308679832
Panama,PAN,0.19693266046077076,3.0743962765875112,1634.6823237141414,89.35633098175155,54372664944.76881,42.920523054683606,6.082278963955936,23327905815.390545,3926068.0,6436632472.068395,13847.101965614353,0.4327940637283923
Papua New Guinea,PNG,0.2733001459605787,2.0,1147.1338237513926,98.0,21053017076.14627,25.11800474886035,3.8400990442443828,4091723944.6500354,8633343.5,9903600340.91423,2437.9770713382977,0.566296073992636
Paraguay,PRY,0.17598940135329588,0.0,1519.179334573571,65.85165602254663,35691412349.61324,22.26874441148355,3.9266506140042168,7946000932.156776,6114457.0,9318769525.398855,5836.907183551369,0.4070711095192953
Peru,PER,0.28942461241414624,3.7050731930488294,1488.2440997472168,88.7778417867434,186813764095.9375,24.48561743272208,-2.3163599430849757,45737107968.296486,30286713.0,45193419839.88849,6167.815075444315,0.4336617252520352
Philippines,PHL,0.365076616760492,14.3353359761084,803.2791916698854,80.21744814609342,297299448013.07367,21.132459153847748,10.842838307239683,62845753676.424484,104540061.0,84240631601.82991,2843.389119657026,0.476691232562449
Poland,POL,0.6475325532694327,11.914518434999342,2481.806651250597,90.18966986572158,469868099217.40283,20.814487399119976,10.1477424126302,97799333357.28494,37999073.5,94306247000.0,12365.342155590022,0.3075391363288041
Portugal,PRT,0.25236115027426875,30.707608509130772,2083.097258607924,74.91842442779854,197481127058.13483,15.641196410282987,4.867953879256966,30893033190.533836,10379569.0,21620607500.0,19026.339026307753,0.34563631166447434
Puerto Rico,PRI,0.11360481897853827,2.0,5372.539131858141,98.0,103923605626.41995,8.76988574796933,-14.200851933095095,9114920547.962378,3504053.0,18825661862.604916,29659.033419396837,0.34479028761890707
Qatar,QAT,0.7113637614486311,0.0,12928.084697368902,98.99751336052559,158070354758.98383,34.42862449084136,3.8782272167837846,54518273187.51574,2248151.0,28335886614.685966,70370.67981499048,0.3642295744116684
Romania,ROU,0.4546863965934649,13.6395259303343,1889.303450921601,85.26184728720641,175163117336.3452,25.360867467815332,4.954991014898681,44426564782.65727,19862297.5,37512013124.765564,8819.245727162186,0.4243925822354753
Russian Federation,RUS,1.2734585087263004,0.08048348427709881,3557.7527350308524,95.07143790891432,1377201666680.084,22.26979477346642,-9.064031193765665,306716594891.54755,144438969.5,513601581959.44104,9534.985753110634,0.33424604567800814
Rwanda,RWA,0.1256039606134592,2.0,526.5154211335213,98.0,8196189259.033407,23.735005062871913,11.65281220590586,1947124548.1781259,11502389.5,6056185451.634293,712.3044688752149,0.5896918105098089
Samoa,WSM,0.3798623171773999,2.0,1147.1338237513926,98.0,808872373.6875848,36.59741099896786,0.6307613858720131,295913934.6768726,200909.5,230470082.96298042,4025.7990714530606,0.5020321633844916
San Marino,SMR,0.22260073458433552,2.0,5372.539131858141,98.0,1403502558.6114306,17.538823063794734,3.8782272167837846,33611553737.456093,32776.0,176090342.58578244,42819.83747977835,0.34479028761890707
Sao Tome and Principe,STP,0.526024586893903,2.0,526.5154211335213,98.0,258028381.82143846,24.16336683296002,6.954886679216756,2446039432.519807,198529.0,104528580.04221685,1299.7154652071229,0.5580765993694653
Saudi Arabia,SAU,0.9139728746260484,0.00030813820531539306,6457.210981485733,98.96400931087305,655041767005.2639,31.620752966920133,3.8782272167837846,207505043266.21085,29062827.5,186847449532.71536,22541.086700495016,0.42591317766868564
Senegal,SEN,0.5100880443551491,1.7732464655367504,403.08623215316527,75.95455860485859,17242775246.800346,25.85704775880192,16.36709236203336,4458346341.013231,14372716.5,5820674408.602936,1199.4024232024392,0.5426853682022247
Serbia,SRB,0.4008037907450106,0.08990220847126286,2023.0261967432702,90.9356308214643,41033279852.22545,17.496081536076865,3.9653841933027465,7181905554.274206,7113585.0,14387985262.496685,5768.431018091048,0.41912060238801113
Seychelles,SYC,0.6945614855845255,2.0,2186.9392427432554,98.0,1373786208.5433617,27.96720712329843,0.4592137971259689,383572060.53879386,92389.0,202049129.69780663,14864.360492293808,0.4574227332640937
Sierra Leone,SLE,0.14856354494336962,2.0,526.5154211335213,98.0,7508756765.269433,9.299822587741152,-9.961029317116052,693594233.5522448,6957020.0,3662978315.1343303,1080.8796689981723,0.6025041087913211
Singapore,SGP,0.17965367596864443,1.7417515423925525,5247.171724794856,94.28943679025157,303546815049.1881,27.391600649071286,3.8782272167837846,83055586952.76372,5502363.0,28875935419.95654,55163.77025364294,0.397459242145748
Sint Maarten (Dutch part),SXM,0.22260073458433552,2.0,5372.539131858141,98.0,1417139351.6524096,22.991442074339,3.8782272167837846,67051555765.19023,37071.5,199168084.42667907,38231.41416104913,0.34479028761890707
Slovak Republic,SVK,0.3938991012386312,7.801903746418893,2973.426690115807,64.01879526312202,86983833473.02888,24.278772084894847,12.275417887468384,21151504499.19558,5421225.0,16119693000.0,16044.86260044364,0.353354997460845
Slovenia,SVN,0.3367810519703215,3.357826167939652,3205.5543149353566,60.38870308428517,42210329491.682396,19.606943484679935,1.8709327862074474,8275465030.245841,2062755.5,6612251000.0,20462.991277817368,0.3247880704627402
Solomon Islands,SLB,0.27305990191218893,2.0,1147.1338237513926,98.0,1297129344.5539043,14.291192815263825,7.765177042129281,185553567.41121858,628161.5,720585303.4284104,2065.3169480873676,0.6412974126547699
Somalia,SOM,0.13590566379327806,2.0,526.5154211335213,98.0,5860805301.020415,13.279243723179595,8.189359657422997,777888485.9000883,13573227.0,7146513330.045881,431.54993654217526,0.6228921966383153
South Africa,ZAF,1.3707402797978143,1.4163563162683168,2415.7521235708423,92.3957158457008,344448173029.647,18.56058524033514,0.39223790027826055,63933239182.71576,56159187.5,135537546026.2495,6133.639859742451,0.39501498921225525
South Sudan,SSD,0.31516473782133114,0.5079483358171883,294.4204809377231,85.1113173919501,12723624785.46216,6.872632600861465,-0.2566377652777305,882590832.2230251,11171317.0,3274267078.840638,1138.621052971224,0.5452777366250092
Spain,ESP,0.22533064123120444,25.339675201219595,2517.9911263482927,72.24333398325793,1182630116868.733,18.760794307343605,8.647200155275442,222014987921.10056,46462857.0,116992100000.0,25453.437462833426,0.2977212112689367
Sri Lanka,LKA,0.2251524358072255,2.933043372670631,831.3224225119462,74.27278698882898,83422727932.88039,29.696901779531533,3.8400990442443828,16637233259.408512,20874000.0,17383342142.03335,3996.195751217487,0.4776659459882344
St. Kitts and Nevis,KNA,0.10429903062088594,2.0,5372.539131858141,98.0,953922914.1292821,22.991442074339,3.8782272167837846,67051555765.19023,47088.0,252982122.64093617,20258.30327527947,0.34479028761890707
St. Lucia,LCA,0.09951683175489723,2.0,2186.9392427432554,98.0,1806718345.8615787,23.736129744028798,2.849944870215566,14815472727.91158,174521.5,381667917.0524171,10352.449798788393,0.3679023410653882
St. Vincent and the Grenadines,VCT,0.12043682544774932,2.0,2186.9392427432554,98.0,775906384.650582,23.736129744028798,2.849944870215566,14815472727.91158,107247.5,234543766.4361073,7235.045181794185,0.4468188723202887
Sudan,SDN,0.3908150374922491,0.0,456.2794662034118,64.8632632949213,51241982464.70991,13.924833839458442,6.954886679216756,7129947416.80603,39423874.5,18030485071.797283,1299.8846591936963,0.6071422232831692
Suriname,SUR,0.5126720770919843,0.0,1693.1762464652625,87.12674790975352,5216809232.506416,23.736129744028798,2.849944870215566,14815472727.91158,578500.0,981046455.4695157,9018.930419013068,0.42613518658714256
Sweden,SWE,0.0872649061950774,15.53313924352243,5034.61074976098,27.445921699893777,491102741456.5915,23.326288196940446,7.592688374984938,114605007910.8104,9747648.0,49079127000.0,50377.3267174437,0.3287516548858124
Switzerland,CHE,0.0589348571023603,4.036882798674872,3010.005069210119,49.45504267911284,688502710120.1221,25.3140296619007,2.7884274901485497,174274349931.50098,8235522.5,24786624000.0,83600.40937137806,0.28268584962366916
Syrian Arab Republic,SYR,1.5627466606149856,0.0,529.6728159998745,97.89589071631926,16826015207.731415,24.16336683296002,6.954886679216756,2446039432.519807,19849138.5,10514889463.313889,847.6957545744202,0.44655587871369934
Tajikistan,TJK,0.6133585474171409,0.0,429.70039586500576,71.99207093127606,8036623985.769102,35.60257589049005,21.39999555772615,2882581822.604173,8534696.0,3677929028.9053884,941.4436362067299,0.40914996596809006
Tanzania,TZA,0.2652586210770545,0.6551932054794801,509.8626685271095,56.19030847594605,46038176464.386734,35.20632942390843,3.389288822400559,16174678861.568563,51186237.0,26111851857.600456,899.2257425361773,0.5315405689288364
Thailand,THA,0.6984852970354603,5.588216569756099,2053.046303828013,88.91951132527502,395198924077.00836,23.137330093087325,2.849944870215566,91390817526.28427,70378581.0,144512204899.90363,5615.1596737986465,0.41474006285445036
Timor-Leste,TLS,0.4582995764124185,2.0,526.5154211335213,98.0,1571039801.2100117,40.04834345615961,1.1516824041505274,628579075.1135596,1193517.0,628405105.8850168,1316.2789572522827,0.5571495998042713
Togo,TGO,0.29304288307703386,4.810557684120902,484.15306617302093,57.90031651560814,5606263972.252265,23.780929032694647,12.535587345769793,1335316534.8628566,7567822.5,3668024671.3266473,740.6719652521407,0.5155857792146309
Tonga,TON,0.30623118646231023,2.0,1147.1338237513926,98.0,435115894.03649515,23.339542773420202,8.104191988164494,101583748.52394748,106352.0,121999976.4236081,4091.3594271511597,0.6080158579101471
Trinidad and Tobago,TTO,1.360776878068174,0.0,9958.772191653514,98.95975321163034,27132634841.876034,21.587512186234125,3.8782272167837846,5853504236.372624,1347505.0,13409579886.23879,20135.63925503955,0.3836238389092196
Tunisia,TUN,0.6685510958887854,2.6278308451097225,1039.9143211311632,93.43519405219168,45560112213.318275,22.801805363866322,-0.6455756567371225,10386196507.967813,11338276.0,11797696350.871426,4018.2762527914665,0.36709150122842454
Turkiye,TUR,0.430849715634158,5.531494626934484,1616.3308564999593,88.19356928095885,839527405714.7509,28.583332766939062,2.849944870215566,239869699880.60532,77700181.5,125610759500.0,10803.056075622315,0.3762579184434586
Turkmenistan,TKM,1.8551018715229282,0.0,3294.929372300103,98.0,34707234756.063736,23.736129744028798,2.849944870215566,14815472727.91158,6145526.5,20171246668.433125,5646.26659614964,0.3834293107277243
Turks and Caicos Islands,TCA,0.08724827194764057,2.0,5372.539131858141,98.0,894190641.08421,22.991442074339,3.8782272167837846,67051555765.19023,35827.5,192484645.74664757,24940.964966345622,0.34479028761890707
Tuvalu,TUV,0.0,2.0,1147.1338237513926,98.0,35075524.003097475,25.11800474886035,3.8400990442443828,4091723944.6500354,10973.5,12588073.014935907,3196.538716492715,0.5814796651272243
Uganda,UGA,0.158229420303809,2.0,526.5154211335213,98.0,31588516608.836266,25.35662455724024,-1.5469961663712581,7997826869.782399,36963492.5,19461848820.203255,854.4566375734549,0.5529240627597142
Ukraine,UKR,2.5759059159693423,0.9902671504738506,1722.9870528385964,86.67475289038246,95961001802.78545,14.664905875387957,-7.956578348022951,14010057539.192814,45878638.0,79102280909.26991,2091.416250159608,0.3819314993606204
United Arab Emirates,ARE,0.5643825770964657,0.24535406404804516,7058.390643820339,92.06417451220628,358509145665.47284,22.51387853840693,2.3722839122215404,80692321048.02739,8282338.5,58084206804.11388,43279.09384236287,0.4010787162442683
United Kingdom,GBR,0.14616591985021057,20.23779584646277,2770.913829007671,81.53417488359764,2896076686061.1,17.793551888049517,8.391251054308434,515339048784.755,64859258.5,179717772500.0,44650.46450252608,0.2777638281494453
United States,USA,0.28783131566565745,7.14349178405058,6882.34030193225,82.75843533370364,18033284028000.0,21.1581915468763,5.4518080057540885,3816189430530.0884,319562661.5,2199246826000.0,56428.885730428156,0.30269597405305887
Uruguay,URY,0.11800097335282722,22.493693593944062,3388.3853267562113,72.13515394424441,57573800553.13175,20.454101317711906,-4.516149271908411,11775405914.975475,3362175.5,11403936564.631731,17123.969068176128,0.42726828282950496
Uzbekistan,UZB,1.323656664935119,0.0,1147.1338237513926,98.0,83294574630.68553,27.151254563560702,3.8400990442443828,22592078786.445,30486170.0,34971716763.634995,2731.590465584469,0.3559539769512288
Vanuatu,VUT,0.22927616744136528,2.0,1147.1338237513926,98.0,729536292.8236006,28.583424037938947,19.642539104545868,208584054.66925263,263170.5,301891781.9635659,2772.3924292638644,0.5941812846144396
Viet Nam,VNM,0.8192620455139534,0.11134649744253887,1147.1338237513926,98.0,231445545294.6508,31.19897130196051,9.35085027861741,72279721247.3812,92251416.0,105824719582.5604,2508.42770542268,0.47662006186594147
Virgin Islands (U.S.),VIR,5.448400772524045e-05,2.0,5372.539131858141,98.0,3670818569.903949,22.991442074339,3.8782272167837846,67051555765.19023,107797.0,579143600.7969121,34053.03196922516,0.34479028761890707
West Bank and Gaza,PSE,0.4624041267860781,2.0,1147.1338237513926,98.0,13721750000.0,23.808374122780364,5.116508867169706,3270133035.3760266,4221745.0,4842906484.753323,3250.0018342167623,0.4703753084567866
"Yemen, Rep.",YEM,0.40838481928236986,0.0,836.8246224424569,98.0,50695352223.064835,24.640685790910187,-44.21749075657706,3268881688.5849214,30692844.0,25539757488.752567,1656.1681570817861,0.5255947906060308
Zambia,ZMB,0.2464824732523844,0.0,526.5154211335213,98.0,20949714182.918915,38.437190327349754,6.954886679216756,8065650925.064689,16147202.0,8501750861.158036,1297.4451522128597,0.500845342216332
Zimbabwe,ZWE,0.6397329823158288,1.382464917612395,526.5154211335213,98.0,19765135285.210114,9.837432199140533,9.19200305322805,1944774205.9206872,14303186.0,7530848000.341086,1381.838703662917,0.5134720897372509
